{
  "valorReferencia": 4483,
  "horasReferencia": 30,
  "resultado": 3056.590909090909,
  "valorHora": 20.37727272727273
}